threshold,precision,recall,f1
0.05,0.6412802688870216,1.0,0.7814390766080238
0.06,0.6725684986380388,1.0,0.8042343248551037
0.07,0.689754334072796,1.0,0.8163959933871439
0.08,0.719119410656159,1.0,0.8366136827943594
0.09,0.7256461232604374,1.0,0.8410138248847926
0.09999999999999999,0.7274696707105719,1.0,0.8422372711311763
0.10999999999999999,0.7277219140083218,1.0,0.8424063017410065
0.12,0.7277850021673169,1.0,0.8424485699949824
0.13,0.7278481012658228,1.0,0.8424908424908425
0.13999999999999999,0.7279743322927507,1.0,0.8425754002107693
0.14999999999999997,0.7281006071118821,1.0,0.8426599749058972
0.15999999999999998,0.7282269257460097,1.0,0.8427445665813381
0.16999999999999998,0.7282269257460097,1.0,0.8427445665813381
0.18,0.7284561312158292,0.9998808814770697,0.8428557084044582
0.19,0.7288989232372352,0.9998808814770697,0.8431520265180051
0.19999999999999996,0.7289622231871472,0.9998808814770697,0.8431943746860874
0.20999999999999996,0.7295488133530383,0.9996426444312091,0.8435018594833652
0.21999999999999997,0.7297391304347826,0.9996426444312091,0.8436290525257603
0.22999999999999998,0.731228743350484,0.9988088147706968,0.8443258483536401
0.24,0.7322614470464872,0.9982132221560452,0.8448006451938102
0.24999999999999994,0.7341050600719109,0.9971411554496724,0.845640973835741
0.25999999999999995,0.7340584159284274,0.9969029184038118,0.8455243483532027
0.26999999999999996,0.7349323493234933,0.9964264443120905,0.8459321433988977
0.27999999999999997,0.7354492702655179,0.9964264443120905,0.8462744701300016
0.29,0.7365918097754294,0.9963073257891603,0.8469873417721518
0.3,0.7398597674625011,0.9929720071471114,0.8479300172922388
0.30999999999999994,0.7416651809591728,0.9910661107802263,0.8484168663641463
0.31999999999999995,0.7442799461641992,0.9880881477069684,0.8490276356192425
0.32999999999999996,0.744720999191302,0.9872543180464562,0.8490063511575496
0.33999999999999997,0.7470673163688865,0.9861822513400834,0.85013092365354
0.3499999999999999,0.748730964467005,0.9839189994044074,0.850362896999022
0.35999999999999993,0.749818247909851,0.9828469326980346,0.8506624052786226
0.36999999999999994,0.7507064078023881,0.9810601548540798,0.8505628420943923
0.37999999999999995,0.7553054069016424,0.9751042287075641,0.8512452555503561
0.38999999999999996,0.7569772832637923,0.9724836212030971,0.851303441084463
0.3999999999999999,0.7585274930102517,0.9695056581298392,0.8511372549019608
0.4099999999999999,0.7623305722891566,0.9647409172126266,0.8516746411483254
0.41999999999999993,0.7646057855927396,0.963430613460393,0.8525799820797976
0.42999999999999994,0.7699106542415217,0.9546158427635497,0.8523718357796214
0.43999999999999995,0.7710379356826497,0.9539011316259678,0.8527767424524786
0.4499999999999999,0.771999611914233,0.9478260869565217,0.8509250347556411
0.4599999999999999,0.775704605715408,0.9409172126265635,0.8503606416191194
0.4699999999999999,0.7832076420311714,0.9278141751042287,0.8494002181025082
0.4799999999999999,0.7903957131079967,0.9136390708755211,0.847560638709321
0.48999999999999994,0.7934952569581987,0.9067301965455629,0.8463420057816322
0.49999999999999994,0.7963256255939183,0.8983918999404408,0.8442852345236762
0.5099999999999999,0.7976620616365568,0.8941036331149493,0.8431339511373209
0.5199999999999999,0.800427807486631,0.8914830256104824,0.843505212735982
0.5299999999999999,0.8025519031141869,0.8840976771888028,0.8413535113076007
0.5399999999999999,0.8029727677118368,0.8815961882072663,0.8404496933908698
0.5499999999999999,0.8045801526717558,0.878856462179869,0.8400797039567321
0.5599999999999999,0.8119523702538756,0.8609886837403217,0.8357518644851708
0.57,0.8193786811410093,0.8451459201905897,0.8320628591532778
0.58,0.822853120600657,0.835497319833234,0.8291270169631775
0.59,0.8257972394098049,0.8266825491363907,0.8262396571224477
0.6,0.8304587155963302,0.808695652173913,0.8194327097163548
0.61,0.8342033308476261,0.7995235259082787,0.8164953469983578
0.62,0.8366087175610986,0.7910661107802264,0.813200269393253
0.63,0.8405349794238683,0.7785586658725432,0.8083606456001484
0.6399999999999999,0.8472780906409225,0.7527099463966647,0.7971992682772977
0.6499999999999999,0.8489851150202977,0.7473496128648005,0.7949318973709217
0.6599999999999999,0.8542789990322135,0.7360333531864205,0.790760174046583
0.6699999999999999,0.8586757023859947,0.7244788564621799,0.7858896498255589
0.6799999999999999,0.859883473070911,0.7207861822513401,0.7842146189735615
0.69,0.8605748605748605,0.7168552709946396,0.7821679230569275
0.7,0.8701843801529006,0.6914830256104825,0.7706093189964157
0.71,0.8737745098039216,0.6794520547945205,0.7644575487502513
0.72,0.8783227848101266,0.6612269207861823,0.7544682296975875
0.73,0.8816731770833334,0.6452650387135199,0.7451681683747163
0.74,0.8842368640533779,0.6314472900536033,0.7367616400277971
0.7499999999999999,0.8883435582822086,0.6036926742108398,0.7188652482269503
0.7599999999999999,0.8907064533525076,0.5902322811197142,0.7099871041696518
0.7699999999999999,0.8950224550898204,0.5697438951756998,0.6962661037921246
0.7799999999999999,0.9038231780167264,0.5406789755807028,0.6766043079675039
0.7899999999999999,0.9069241832751181,0.5257891602144134,0.6656612878902126
0.7999999999999999,0.9105445116681071,0.5019654556283502,0.6471627121247024
0.8099999999999999,0.9138660137992433,0.4891006551518761,0.6371818746120422
0.82,0.9247204968944099,0.4433591423466349,0.5993558776167471
0.83,0.9312956451176629,0.4101250744490768,0.5694674164737016
0.84,0.9352538505419281,0.39058963668850505,0.5510461305772624
0.8499999999999999,0.9424261083743842,0.36462179868969624,0.5258094992699476
0.8599999999999999,0.946843853820598,0.33948779035139964,0.4997807978956598
0.8699999999999999,0.9503897944720057,0.31947587849910664,0.4782027280021396
0.8799999999999999,0.9533756061171205,0.3044669446098868,0.46153846153846156
0.8899999999999999,0.9577333952624245,0.2456223942823109,0.39097459233978005
0.8999999999999999,0.9619852164730729,0.21703394877903515,0.35416464185052
0.9099999999999999,0.9709263015551048,0.1710541989279333,0.29086489771116064
0.9199999999999999,0.9673278879813302,0.09874925550923168,0.1792044963251189
0.9299999999999999,0.9686274509803922,0.0882668254913639,0.16179039301310044
0.94,0.9730134932533733,0.07730792138177486,0.1432354888545575
0.95,0.9815573770491803,0.057057772483621205,0.10784644827198019
